Password  ,oneSubstitution  ,oneInsertion  ,oneDeletion  
[Smo::9dn@,[Smo::(9dn@,[XSmo::9dn@,[So::9dn@
pih4uHj:w~!,pih4uHj;:w~!,pih~4uHj:w~!,pih4Hj:w~!
7}I87J>mH~,7}I87uJ>mH~,27}I87J>mH~,7}87J>mH~
pTVN[uLOfR6,pTVN[u9LOfR6,"pTVN[uL""OfR6",pVN[uLOfR6
"Sv*Wj)%+8""","Sv^*Wj)%+8""","Sv*?Wj)%+8""","Sv*Wj)%8"""
BW<pl3%68i,BW<pl3%6'8i,BW<Mpl3%68i,W<pl3%68i
D`C;e_2O{B,D`CK;e_2O{B,D`<C;e_2O{B,D`C;e_2{B
/9DqQ%~HKkR,/9DqQ%~HKk\R,/9DqQ%~HK%kR,/9DqQ~HKkR
^5^)/I6=T`,^5^)/I6=mT`,^5^)/SI6=T`,^5^)/I6T`
s+&iNT99g|,s+&iCNT99g|,sJ+&iNT99g|,s+&iN99g|
erkn!oM2W9,e7rkn!oM2W9,erkn!oM2xW9,erknoM2W9
/(-j8K@eQL,/(-jj8K@eQL,/(-jJ8K@eQL,/(-j8@eQL
>7({|gQfWZ,>7({|gwQfWZ,>7({|gsQfWZ,>({|gQfWZ
o&s`6EZ>@z,o&s`6EZ>@Kz,o&s`61EZ>@z,os`6EZ>@z
Kez/7S:4rN,Ke*z/7S:4rN,Kez/7S:e4rN,Kez/7:4rN
kUzG1Sji`HY,kUozG1Sji`HY,kUzG1SjPi`HY,kUzG1ji`HY
uT{^)g6O^2,-uT{^)g6O^2,uT{^)g6(O^2,uT{)g6O^2
"S0$NB3@"">g","S0$NcB3@"">g","S0E$NB3@"">g","S$NB3@"">g"
NQok.x6*o[,NQok`.x6*o[,NQok.x6&*o[,NQok.6*o[
%Lmxp+2jE@,%Lmxp+2jHE@,%Lmxp+2j%E@,%Lmxp+2E@
E1itl8y}s[,E1it6l8y}s[,E1itl8y}sh[,E1itl8y}s
fJ8tAn?HIu,fJ8tAn?H9Iu,fJ8tAnH?HIu,f8tAn?HIu
ca`Z@?I5al,ca`Z@?I=5al,ca`Z@?I5aMl,ca`@?I5al
Q%$nR|9_ie,qQ%$nR|9_ie,Q%$nR|9o_ie,Q%$nR|9ie
sElE*bFa/7,sEklE*bFa/7,sElE*bFa/07,sElEbFa/7
*K1IEDDTWZm,*KG1IEDDTWZm,*K1IEDUDTWZm,*K1IEDDWZm
s.wSvZ:^q3,s.wSvZ:^Wq3,s.wSvZ:^qM3,s.wSvZ^q3
8CHfXyFuaL[,8CHfKXyFuaL[,8CHfHXyFuaL[,8HfXyFuaL[
U<\V2YU<G?,"U<\V2""YU<G?",UO<\V2YU<G?,U<\V2YU<G
?6'}^bINGW,?Z6'}^bINGW,?6'}^bIDNGW,?'}^bINGW
"5'Tx#""B(V\","5'Tdx#""B(V\","5'7Tx#""B(V\","5'Tx#""B(\"
0oJ^e;j<'ng,08oJ^e;j<'ng,0oJ^e;j<'ung,0o^e;j<'ng
d3k9eNN[~4,d3k9eNN[*~4,d3k9eNN[~F4,d3k9eNN~4
W<0C#is\.G[,W<p0C#is\.G[,W<0C#i&s\.G[,W<0C#is\.G
^8!~-V%w.^&,^8!g~-V%w.^&,^8!4~-V%w.^&,^!~-V%w.^&
Qz8+v:r&d_!,Qz8+v:r&dT_!,QCz8+v:r&d_!,Qz8+v:r&_!
~Ob$zq~B9H+,~Ob$zq~BA9H+,~ObZ$zq~B9H+,~O$zq~B9H+
A~GanTM\8?,A~GzanTM\8?,A~GanTyM\8?,A~GanTM8?
8O7uz';N%8,8O7uz'y;N%8,8O7uz';N/%8,8Ouz';N%8
=`9nws*F.UN,=`9nwVs*F.UN,=`9nwsc*F.UN,=`nws*F.UN
#(0\72p?&{,v#(0\72p?&{,#(0\72p/?&{,#(0\2p?&{
:o4~n<&)3X,:o4~n<&p)3X,:o4~n<&)03X,:o4~n<)3X
hSd`u7@g_;,hSd`_u7@g_;,hSLd`u7@g_;,Sd`u7@g_;
*h#je6(RV!L,*h#je6(fRV!L,*h#Uje6(RV!L,*#je6(RV!L
1nS7kq0.n`,1nS7k?q0.n`,1nS7!kq0.n`,nS7kq0.n`
d^\T3R`$nz~,d^C\T3R`$nz~,d^\T3R`$n3z~,d^\TR`$nz~
D]CqS*vG<6,"D]CqS""*vG<6",D]CqS*<vG<6,D]CqS*vG<
bu!l0(ND@zn,bu!l0(ND@+zn,bur!l0(ND@zn,u!l0(ND@zn
K$mjD7~mj5,K$mjDz7~mj5,}K$mjD7~mj5,KmjD7~mj5
">""Y7xFgdf|@",">""Y7xFgdf&|@",">""qY7xFgdf|@",">""Y7xFdf|@"
q5E8~+w'mF,q5E8~X+w'mF,q5EP8~+w'mF,q5E8~+w'F
>bNi<(5f\!,>bNi<(5f\@!,>bNi<(5f\z!,>bNi<(5\!
~wiN^5.H]J,~wiN@^5.H]J,~wiN^5.SH]J,~wiN^5.H]
>A=?^=&?1wn,>0A=?^=&?1wn,>A=?^=&?1wCn,>A=?^=&?wn
bx)C|5agvob,bSx)C|5agvob,bx)C|5ag_vob,bx)C5agvob
XRK=ER6fAy,XRK=gER6fAy,XRK;=ER6fAy,XR=ER6fAy
j4Fya`*~3L,9j4Fya`*~3L,Lj4Fya`*~3L,j4Fya`*~L
'O8bg?brTnv,'O8bMg?brTnv,1'O8bg?brTnv,'O8b?brTnv
{q>h^~1Kn7,!{q>h^~1Kn7,{q>h^~c1Kn7,{q>h^~1n7
EX%4)X4_7B,EXL%4)X4_7B,EGX%4)X4_7B,EX%4)X47B
muCQd7Zw!+,muCQd7ZwE!+,muCQd7Zmw!+,uCQd7Zw!+
(7SLi_Rp9?,(7SLi_Rp>9?,(7SLi_R9p9?,7SLi_Rp9?
-FGtfkJ0L6,-FGtfkRJ0L6,-FGtfkJ\0L6,-FGtfkJL6
.BRW8GFK51,.BRW8GNFK51,.YBRW8GFK51,.BR8GFK51
"6tEvEsuqH""?","6tEvEKsuqH""?","6tEvE'suqH""?","6tEvsuqH""?"
p=;=G{p4wk,p=p;=G{p4wk,pu=;=G{p4wk,p=;=G{p4w
')^#)>tp9G,x')^#)>tp9G,')^#o)>tp9G,')^#)>tpG
"~MFT6\PD""_R","!~MFT6\PD""_R","~MFT6\P.D""_R","~MF6\PD""_R"
eojeo|o'9di,e]ojeo|o'9di,eojeo|ob'9di,eojeo|'9di
-)m5W=hVGH/,Q-)m5W=hVGH/,-)m5W<=hVGH/,-)mW=hVGH/
<W{R`Z3&s6,<W{R`}Z3&s6,<W{R`Z3m&s6,<W{RZ3&s6
"""H<hs]{lY3^","""H<hsf]{lY3^","""H<hs]T{lY3^","""H<hs]{lY^"
r#fecjFI.2,r#fecjFI9.2,ro#fecjFI.2,r#fecjFI.
zMe4l_[|=b!,zMe4l$_[|=b!,zMen4l_[|=b!,zMe4l_[|=b
"7OR~Ry*W=""","7UOR~Ry*W=""","7OR~RXy*W=""","OR~Ry*W="""
"P%\""P*5Z`Kw","P%\""P*V5Z`Kw","P%p\""P*5Z`Kw","P\""P*5Z`Kw"
_94/|XM^|x,_94/|XM^A|x,_94/|XMW^|x,_94/|XM|x
waA4ik=9u>,waA4ik='9u>,xwaA4ik=9u>,waA4ik=u>
|H4#>.Mrieg,|H4#>.YMrieg,|H4a#>.Mrieg,H4#>.Mrieg
OOU{4n985},OOU{4n9805},OOU{4nP985},OOU{4n98}
(66Dza|duY,J(66Dza|duY,(6p6Dza|duY,(66DzaduY
YMI%Vb9}8D,YMI%Vb9}8uD,YpMI%Vb9}8D,YMI%b9}8D
3M'Qhh;Pj^',3M'Qhh;Pjk^',3M'Qhh;_Pj^',3MQhh;Pj^'
E4by)GYAmN,E4bsy)GYAmN,E4by)GiYAmN,4by)GYAmN
.[2Kxtt#yS,.|[2Kxtt#yS,.[2Kxtt8#yS,.[2Kxtt#y
7)$wqe9YmW,7)3$wqe9YmW,7)$wqeN9YmW,7)$wqe9mW
qXWo~1]phI,qXWo~x1]phI,qXWo~1]JphI,qXWo~1]ph
G}]=1pCBS),G}]=1pCBAS),G}]=S1pCBS),G}]=1pBS)
sZVekd2y9},sZVe!kd2y9},sZVekda2y9},sZVekd2y}
$34BzcRV\w,$34BzcRV\uw,$34FBzcRV\w,$34BzcRV\
"B`s2.""*{sO","B`s2.""+*{sO","B`s2.""*{bsO","B`s2.""*{s"
/_1:4bp#`%,/_1:4b&p#`%,/_1:n4bp#`%,_1:4bp#`%
q1Jmkr+<hR,qr1Jmkr+<hR,q1Jm'kr+<hR,1Jmkr+<hR
hy7P:;-Ufwt,hy;7P:;-Ufwt,hy7P:;-U*fwt,hy7P:;-Uwt
[]7yws<*.ZF,[]7yAws<*.ZF,b[]7yws<*.ZF,[]7ys<*.ZF
I_hYc:hQ6\~,I_hYc:hQ~6\~,I&_hYc:hQ6\~,I_hY:hQ6\~
8c>Ib}He_],8c>Ib}H.e_],8c^>Ib}He_],8c>b}He_]
6oDe]V``qn,6oDe]V``q\n,6oDe]3V``qn,6oDe]V``n
0~b|jTi/T6,0~b2|jTi/T6,0~b|jTLi/T6,0~b|Ti/T6
tAnK!Zk0{jY,4tAnK!Zk0{jY,tAnK!#Zk0{jY,tAnK!k0{jY
