"Password","incorrect","prefixSalt","suffixSalt","threeSubstitution","threeInsertion","threeDeletion","threeCapMistake","threeSubstitutionDifference","threeInsertionDifference","threeDeletionDiffernce","threeCapDifference","incorrectDifference"
"f)4b{jhgIP(","!lnCQgeth8U","MKM7o8bLSLBUOfF/5p8msUd+V","pXuRh7Nw66LDoOQLxSuXxYlOi","^L4b{jhg+P(","bVx{jkhgIP(","f4b{jgIP","F)4b{jhgip(",88,183,118,156,249
"dvz4[E2R0H","`pce1`ea#Z","BwQrdQYuYYzNWiXbMXenkEReJ","t1WdF+9aKVHfXxF/1gH+Vo3Na","dTz2[E2RpH","zbr4[DE2R0H","dvz[ERH","DvZ4[e2R0H",182,156,119,127,128
"mmj<wo{$9uo","kx&v6Gl(zE","p3TRR+cSyLL0joLWhPMZTBH9b","mqy1ojKmVKkHIx7IFg5fcHCKn","yZj<wQ{$9uo","jj<woj{$9u8o","mmjwo$9u","mMj<wo{$9uOO",277,245,133,94,194
"tfu7S(q-qp","7b~zM=vQN:","LMs+MD/9bhebhsenYb1K3zZ/5","MacBMHU6Y0YU7Tv+HurbOd3Fl","tau7S(#pqp","thfu7S;(q-q[p","tfu(q-p","tFTfu7S(q-Qp",140,230,114,91,152
"$+ymsaoQP7i","Lh{x$X!FY0J","dapGRylMK/ZV6tdAjn90XjcV+","6oU4eYfhjE7j/aURSwPR6as7L","$+6mthoQP7i","m[s/aodQP7i","$+msaQP7","$+YMsaoqP7i",122,255,271,226,276
"%;Crhjvv1p","vzs~{(P-^1{","10t/h4MmrIZPbNSoMVlzHW01P","ZMwfa7m853AwCRsqCALr2i/k2","%;C4hjT.1p","Cvr.hjNvv1p","%Crjvvp","%;CrhjvVRhjvv1P",136,320,300,163,331
"tAS2zchvzs@","?lPvHuA4vp","lQR3ygqtEck32TB90+lt8iFE/","MFyx5nod1W2a7K89TOf2OBQUI","tAS2Ac^azs@","t?QAS2Lzchvzs@","ASzchvz@","tAS2ZchvZHvzs@",126,240,213,153,307
"dszpbp9^MK","yFhtqWzln0#","UswX+GNFLMNzA992qn7DgsFQv","0pAZ6B7ohAZqdo5KDSUUGYGZx","ds/pbpd^M)","bGp790^MK","dspp9^K","dszpBP9^Mk",135,168,180,139,200
"j5Bqre)9\h","dijgyRrp7<p","ZcfVvKB1+ph41h7pFQ0NcD2Jx","oHXa/sRklSdGT0r8AH3+N6im6","j5aqme)97h","jV5TBqreX)9\h","Bre)9\h","j5BqrERE)9\h",93,194,123,90,225
"h:kMYsJ0tM","=jXmmH6^yje","iVry3lLhrPG2fDGUwpeBONlaV","d9RO0GjlmawDzNXPNAOK+rICr","^DkHYsJ0tM","MDYstJ0KtM","hkMYsJM","h:KMySJ0tM",107,275,85,124,118
"<Vjr/$e:8`t","Hys8t<.c^o","WBIIYCf9HEp6YiZRSVWZxdJue","LR4cZDzocodN2Et8Hd2kJ0l9W","<VjrL$G:n`t","<#Vkjr/?$e:8`t","Vr/$e:`t","<VJR/$e:8`T",268,163,211,203,243
"hL_5a]OQj2","gr]vVSry0cn","vHbIOQvirGY7kXI47OnDLNbbt","ihvCHEtr0/KKW1zx745hy9yPQ","FL_5a]tQ22","_y5}a]LOQj2","h_5aOj2","hL_5a]OQJAl_5a]OQj2",174,206,213,167,201
"==r4$X[{w>","hyv/ZFtyj7x","Oso/BOkqPbOKaqIqh3HOarvu1","1KG8I6N2ykVGQy2x29nOHtiFN","=4r4$X){wV","=z=r4&$KX[{w>","=r4[{w>","==RR4$x[{w>",186,246,106,262,184
"?y<l&gJ6dXR","v9*ernSbWhF","jod/Jugh4rzCetzYh/loF2LXb","RtRjJbwVhd6t5Ne1E+7ecx+9m","?y<l&x}6MXR","l(&;gJJ6dXR","?y<&JdXR","?y<l&gJ6dxj6dxR",105,126,114,227,175
"x4XV~dPCH]^",">nYwrAoS4]j","70R8Yx5zAdNqHdJoiOJfv2SwF","fwtAYirGLHbMGzfTrn+9tUrub","x4XV~vPC&]E","Vx~d1PdCH]^","x4XV~PH]","x4Xv~dPcDPCH]^",184,358,304,227,334
"q$vsezKo3bpw","m2vdgNSura$","vADGQYpWGDzpfmNlpYaffBJc1","r/n0EDxWpPLDBwwY4jLyBlnLC","q$vsT7Kojbpw","bQmp`w","qvszKo3pw","Q$vseZZKo3bpw",68,165,193,235,183
":pj.wIz4pu","dxA9yc`l(w","iJZSU+qPPk1UCdfglV6j/ZzPD","o2/I9pCWWXwkUx3ESNFqZjjvi",":~j.wIz4LD","IO8z?4pu",":p.wIz4",":Pj.wIZ4Pu",170,200,191,181,221
"xj3mg`zGi{i","aWo`+=wOz0","R0zOBk9JneElp4T2Yb40pasZ6","XUsYfMJT/u4S5ZJ9cw1XSdW21","xj3mg`\fiXi","xgj3m.g*`zGi{i","xj3gzGi{","Xj3mG`zgi{i",195,161,265,212,319
"dysdb#g1fQV","wg;:R4s_;bj","nFCVlViKz05qH9/YPK1VRBn4p","Tasbg0lqEFVTgaAnWjBfyPfa1","-ysqJ#g1fQV","yA\sdb#g1fQrV","dydbg1fV","dySdb#G1fqV",211,229,291,277,358
"hLMug0~$Oq","l3r;vpXqwv","DoXdhsGnMc6Q296RP/Yvy0CwM","k0aRiilZh4n53WvU9eamZgouI","hLMuyI]$Oq","uYg10x~$Oq","hMug$Oq","HLMuG0~$OQ",134,175,341,161,340
"B_x3uWo-bn","x\2jJz|<To(","V/49NkInm7U9TK2kHylBLi5gB","1r5JGAZqRfmqvyP35sndKHWDk","B_xnxWo-bw","xk3fuWo'-bn","xuWo-bn","B_x3UWO-Bn",178,299,91,169,203
"kxyV#peez0tj","_.cKanCbd9{","VEO/rjRJY4ILfgtNhx2BWvGRK","VLjr9Q8+gTXY5A+BM0G7fwT4s","kzUV#oeez0tj","kdxyVq#pkeez0tj","kxyV#eez0","KxyV#peeZ0tJ",97,259,256,188,291
"2f!k%dnwks","DR^ce7TNtnm","7d3zcZtFzJCZOLqp47Ai8CWJa","4lBjPNxkHRqIwR2BKjc9oztRx","2:!L%dgwks","2Tf!Zk%dDnwks","2f!kdwk","2F!K%Dnwks",173,317,170,128,190
"qGqlof+ixj4","if1f$S-Rt)z","qU2DyUh9iLYWd9bb0cY3PeCsB","GrbftrlIoFkXooDbamxdTK3pt","]Gqlou+ixd4","l7o]f+!ixj4","Glf+ixj4","qGQlof+IXj4",171,150,267,120,279
"nBs6#sunhpwA","jtbdmg~1m%<","w8OdQY6hGptdm7EZZtonZocUh","zqmWLJkl+coX7WkBLIddKOZCE","nBs6#sKn{-wA","njBs6#s<unhp2wA","ns6#nhpwA","nBs6#SuNhpwa",115,215,193,127,393
"Exs9XsMs#FZ","5n#(!izqpe]","d0FfQm6pa+TdcfWOwO7G/4pVv","djtgUokwHHZoFl+F1t+phQblp","ExldXsM:#FZ","x\xs9XssMs#FZ","x9XsMs#Z","Exs9xsMSS#FZ",193,235,203,188,266
"0fs%)jjv\9","^NqqE71s)/","7cATp0msEL7d1Uk2aTHYawYaD","6p7wJIqJbb2C9+4l0kG3pyZLy","0fs%)8j`q9","0*Ffs%I)jjv\9","0s%jv\9","0fS%)jJS%)jjv\9",126,115,120,81,161
"7@rs+UhgRae","tvl=d5.oy((","RHg7PvHIlU8TtLpnhtjiQaWCh","TZbz8qlNlFWqMXdRJBSCPDjRt","7@Cs+Uhgea!","r.s_+UhgRGae","7rs+Uhge","7@RS+Uhgrae",346,327,327,150,220
"4-fuadweH!g","7eW$nwMljwfu","wtzfXcbp+L1IseD1IHj5RVRFF","dk4n4zpUfoiD6+6HuaSD/Qhlw","4-ffadoe{!g","u'^adwekH!g","4-fuadwe","4-fuaDWeH!G",84,227,102,218,272
"|vkE}]s0Ct","1Zk+Wjgzkg","6OwTpomLNMjQ+fDqOPtcqk5UF","KcJtVWQkhp9QnN5ygzWeJdLru",">vkE}]s%Nt","k=$E}]s04Ct","|v}s0Ct","|vkee}]s0CT",122,129,105,159,172
"zlyj|ugd5Ox","n86suj6^^P","i/QYwdAT6UYECK1jnxNJQfK28","mYe1PGkCrfTR7OuLJUzrnmF3R","zly9|ugd5B!","zLlyjR|ugdX5Ox","lyj|ugdx","zlYJ|ugd5OX",314,247,147,83,429
"0?x9S!z4nv","|:eaI#!a(4","LB2vSH2LhekXfr+cmcjbd8rhH","ka1yEaa/cdrLz0/tE/ENN9sIc","0Ux9(!zdnv","?YHx9S!rz4nv","0?9Sz4v","0?X9S!z4nVNv",181,227,209,145,216
"L^TW/3stYpI","|W@ga4csnqr","NoYdbNiW+PDS0T6jUWZO5Hd2b","PDinvhi/tvhsNf8JP7YlMT69z","6^TW/'sOYpI","W3/3;stYp5I","L^T/3tYp","L^Tw/3sTTYpI",151,237,215,329,256
"3mZNrF{znw","Dfm8m6mW-BZ","2cQhamak1GtF76OyYKlOu9hhi","P/C+JAeadAffMJYTZDmGAP0Jn","33ZNa7{znw","rUF{{zn+w","3mZNF{z","3mZnrf{znW",149,168,191,145,337
"i3BpV7Zsq=o","f\X5vRTGpT","ggocua53ODYwSvbiNUs3FIJow","8xE7k7FM/1UzjF0B9W7CcWJFO","i3B?V7qsq=Q","ZL{sxq=o","3BpVsq=o","i3bpV7zI3BpV7Zsq=o",143,136,164,74,197
">k+fsr0Mcd","Bot8mu*(qob","7q4Rpa/qXQDteFxpaGo6gHZcs","soMbIwczBwA7fkIIGp80pzwWA",">ekfs90Mcd","+hDfs-r0Mcd",">+fsrMc",">k+fsR0McDmcd",172,101,122,154,182
"?u8h6[v^hE","/rkz:3<:mZ.","Bw4eyl1qQ0f8REAP/53FUVGxi","yoYBqIyxpgSn5Qd8ZrlrB7gms",")ujh6[3^hE","8}h6[lvw^hE","?86v^hE","?U8H6[v^he",110,296,126,87,193
"j2h0qIoue&","r<DEx@vDh9","CApudtijfWq8EkPXhEahPmE7G","/1tgms3AF48XPqVsZGi73VWBT","V2h0<Io}e&","qkI%ouge&","j20qIoe","j2h0qiOUe&",59,136,106,84,235
"<HTGJyk6#Sr","txv3.E8a{n","u+FXJpeSpjxCDbqgvOGaB3rr5","hl0207iOmVaxHyNH+bRRS84fX","<HTGJyJY#lr","yDkm6#""Sr","<GJyk6#S","<hTggJyk6#Sr",124,351,326,109,292
"fccelu.gy8","&A;tH.+g53","RBmvA/M5y1GCRhitGXsRv4CCl","p+HDEOAQC6y/Y4KyxmgS5o1i7","fcc0su.)y8","lLuJ.gy^8","clu.gy8","fccELU.gy8",112,195,124,126,201
"z!D-gZ0aQ?","?dFiioa]e7B","ScgCNmuoiM8Bgr8eMESqkPyet","Aj+GosApNyQi6vsV7zNJib8Fw","z!D-gZ(an{","z>X!D-CgZ0aQ?","!D-Z0a?","z!d-gZ0AGZ0aQ?",150,179,214,291,219
"f!E0z}quoL","zgunZt~8mqS","FmhFnq+zmvOJF7nezRQ+fk8oL","cdlvp8ZgQwsEFTDrwaLZ5dwnh","f!F0$}qBoL","Ej0#z}JquoL","fE0}qoL","F!E0Z}qUoL",104,127,89,105,135
"0o~q|?tm@[","ez@9g:L`g~","8DOi+pZWhx05lSwIVMe1r6wJh","8HgYtD+mzpD1WhzUE4rb3jEyM","0o~H>>tm@[","0To~q|)?tm?@[","o~|tm@[","0o~q|?tMQO~q|?tm@[",93,247,114,201,216
"vvQ6=bsa9!","w?2+jlG*d5","DAbUuU4pVYad7gF+sXjb1prdJ","qdn61vpQGFYIlOsDZNpE5PHwc","vvQgobMa9!","vzQ*6=[bsa9!","vQ6bsa!","VVQ6=bsA9!",116,211,201,162,199
"o9d;pyzi/RV","-U68zV>KUf","qNYbQaijkvh3dFL8by3iY0pzt","BWrc/n4i7Cdfzgzzee81fKsXJ",":9d3Iyzi/RV","p\yzzi/NRV","odpyi/RV","o9d;PyZi/Rv",105,149,116,106,165
"cU4wV<x:vR$","yS!dm9cr#je","TcHhP9YY5GrYWbrmXzAEAC3pk","J8/H4CxFqIarYHeRtCi8HdoUa","6U4wVDx:vRX","ckU4wqV<x:vRk$","cU4<x:vR","cU4wvv<x:VR$",151,290,189,293,231
"fdpunY4csw|J","d6s8n-<giu","6ffHvBzBAIsX9MD8t4sI1sT8/","mJ/luZrzJGB3DkMwUA9K4AxP4","fdJuOY4csw|@","f|dpunY'4cstw|J","fdpun4csJ","FdPunY4csW|J",229,233,205,135,213
"eGfoUa@WL5v","9G{cd}H?#p","0ID+7UNadX2RV0QhnyDKiCfy2","YKl9faLcwYjv/lNGYmdCw9rWD","e1fHea@WL5v","G$foUWa@WL5nv","foUa@W5v","EgfoUa@wL5v",300,215,268,199,252
"E@cwqrAUSV9",">]ftz^j(x2m","9cBJiVwT9R8T7zK1BNwOx+ddh","9PgfsGI6sfgAJL0rhdLZKyEcK","E@cwqy?zSV9","w~qrAU9SVB9","EwqrASV9","E@cWqrAUSvuSV9",311,304,264,190,273
"#v}BDTmin9","Fz0odn6ai)","3VGOZ/GCIGkbGfFQsNEuOLibW","Y8OJ/NOIOZCt2ckZuj56blbgA","#MyBRTmin9","#tv<}=BDTmin9","#}BDTn9","#v}bDTMiN9",60,86,126,103,132
"\r?eW!.o1~","t{vj6Vpvuzz","kPtY/FY8+DwgZmR1oxyxLX7Z4","1GkndvS/g/ISXdUX16jj1BbpS","Id?eh!.o1~","\/|r?eW!S.o1~","?eW.o1~","\r?ew!.OEW!.o1~",90,162,125,71,135
"Y#!BgOXu3h^","-UG2en\d:&]","oAcydoXJGAtb7gXpXsYlhzha/","ex4E2OFylfXQQc+AhSrYjyhZz","Y/EBgO/u3h^","gYrO[Xu3h^","YBgXu3h^","Y#!BgoXU3H^",185,116,85,120,219
"v\4Dc+$na+m","of8agR|gmP","UpdcVzuEvde2YRdXeeA9/miNm","MYPvVBcLmAUAwq9grxIi9gcS6","a\4Dc.$na-m","vU\4Dc+q$|na+m","v4D+$n+m","v\4DCC+$na+M",290,257,311,311,400
"[CURC5ePMOE","kz3Nonou;w!","2fA1bDl8ouhwcIKHCLCha8UKd","eeZ7riB5skGFS74XgoG2KVeOv","[Ct]C5ePMO9","[\C'URC5e>PMOE","[CR5eMOE","[cURC5epMOe",188,241,167,296,220
"b5_.mrfxjzd","%xFQdCe9Um","IfTcq2hhZMRCQ1XABBGddW3vt","P8UID0VIWEMK9QKua7+Yd44AB","bq_lkrfxjzd",".ixmrfxjzFd","b5_mrxjz","B5_.MrFxjzd",250,220,301,261,310
"m$Uo8<KSozY",">ppij3&=alj","Q6zIu6j0gK3YysUwuMCsiXzho","7CAN/FlHIptEjVX9WmBwAQczT","m$Uo8qRS@zY","Ugo8<xKSoz`Y","m$U8SozY","m$Uo8<KSozyO8<KSoZY",232,145,153,164,287
"f<A=%w`Go5b","#6#nr?5~vt","lbl91KZDTqTCoEUWKz7Jkgbf4","ZnPuSa8SoHYUPHYH4dTQxGPQY","faA=%c`G#5b","Au=%w`Gro(5b","f<A=%w`b","f<A=%w`GOgo5B",188,108,160,89,241
"epw6>sk^!`~","J-n4mhqdgw","0WURUOBIC/Mrsn5TZxucr3HO4","76QpPcdemgRi9M+6zdypxOHvF","epw(>vk^!`H","skks^%!`~","epw>^!`~","epw6>sKKW6>sk^!`~",143,188,128,164,216
"(oF*s6uLga{","Ed\ZC8TzpbJ","yYRPNRn+kP6sV7xbcBmON0ZNe","7mpL20xyEOxCiUyBu1520qj8q","_oF*sXuLgaI","([JoF*sf6uLga{","(*s6uLg{","(of*SOF*s6uLga{",256,90,175,157,289
"rY)/jZl/G4","jzk:bv_Su3","dDcIrn6ihSVEoAZesUd0lLOPz","8+1smQ828SZWFOoprKqtChEYj","r=6/jbl/G4","Y-)/j.Zl)/G4","rY)/jZl","RY)/JZl/g4",103,188,80,112,136
"tLNSmG2v>e","v-$$tex3mX","gbGrv38tL8QqLtgaPQQX/nEGs","dY3BBQF2/9MlEhHr9Pp5V4CIM","tgNSmG2V>-","S{AmG2v/>e","tLNSGve","tlnSmG2V>e",146,364,151,199,238
"Oo{zsz}7Mtr","obo<i9x~Ef`","+fcPGMbDT5gbijr1f3MtpKM61","vSm7KOMv9YHCjxhbb8TuXvUHg","no{zsz}7Mjx","saz}.7cMtr","Oo{zz7tr","Oo{zsz}7mTmtr",295,194,127,194,356
"qvOa5cnt<z}","j(1/!/-by$","AE3jCaRzBacV9+E2ssU8yLSQW","ILipd2Vv6cbLqCsBO9cg4qTOO","qvMa5c!C<z}","q<4vOa5qcnt<z}","qOa5cnz}","qVoa5cnt<Z}",151,232,166,224,258
"DJjqE&5xH-v","Je?Xfkoxv4og","sk6LpWQ0mzkphMcHX0pEj546D","eagDjGwwQxPDO/w8cMd6KpRLG","DJjqz&5oH+v","j[qVE&5xHA-v","JqE&xH-v","DJjqE&5XQE&5xH-V",257,306,166,232,169
"b0srDkxvIm}c","Ww0oArz=xnt","kWZwVWTgMSZwD2Pbla/Iih6R6","miKyHu+4sPALE2Xgm32m7V09A","bbszTkxvIm}c","bI/0sr~DkxvIm}c","b0srDkxvI","b0srDkxVim}C",119,164,281,174,378
"e+=ez9*RmlD","2-gzk4f9(7","C1XymNF2SC8tH9HR/PWE67MPS","7K1wSTzvi6BEdzGOcLl/anndu","Q$=ez9*RmwD","+x=eKzR9*RmlD","e=e9*mlD","e+=ez9*RmldEz9*RMlD",278,209,345,226,230
"$[dAg4@Nfcq","wJpe6$lI9I","VG6vNBaBHIcZUgN5VQ87/IWxx","cZDB7h7IIrtQUv85psWJs1vQq","$[d7g6@Nfc8","[^dHAIg4@Nfcq","[dA4Nfcq","$[DAg4@NFcQ",255,249,246,120,244
"?r<gg:}v7O","fmbsbRM2\vP","jSyBFeAha/UK/SuHPf4DV9EXm","HJNQOMWYsSq38dRex7XqmFoXr","?r<gC:{d7O","rG<gTg:}v7-O","?rg:v7O","?R<gG:}V7O",236,308,173,133,213
"{C4Ubmu~aQ","E7`8p^tmil","xBKWe/tPYYTPFTkDsNZ/4lkWy","AOqSXtAyxMrh1T9nmauovZUEe","{C4UTmu~;8","b}Nmu~a>Q","{C4bmuQ","{c4UBmu~AQ",94,124,121,104,200
"&5+6I\W.hb","XY?ipx!L2#n","LPUpKgtC2tJSH3qCtBN1eFpYS","bKtJkzlHJfhCNdCLVTXcABhVH","A5K6(\W.hb","5h>+6?I\W.hb","5+\W.hb","&5+6I\W.hBi\w.hb",190,188,108,210,262
"2etfiMch(Nq","tnKs*hUCb8o","seOlAXKYBKNXy2Gv8Ni98d+tb","4eQVRG0Wr3H9sGI1xTHMWE3Cu","2etfIL&h(Nq","fuiMbch(~Nq","efiMc(Nq","2EtfIMch(nq",98,192,110,179,135
"tQJud?uhwz1o","f#u9bjm>WgL","ajPb+ce5ugO7AZDbRMdUxIA+h","/RkVTdAWVIRUliGINtim4c4p7","tQJzd?7h-z1o","u>&dI?uhwz1o","tQJud?hwo","tQJUd?UHwz1o",224,202,245,180,297
"o-5bR_twedu",".C6Wlxxi#kY","FOacMx4TBL/CzZVbG8W5JqoOp","qeyH1xG+gi16XBkW7WmYiivZH","m-5bRqtwedx","58bR\_twedDu","o-5bRedu","o-5bR_twedUTweDu",197,260,170,173,243
"dDv$j0rUV%S","knf(g5@lju","RL+317BICU4F29lTMSNaCzha4","i0u5+stwTGfecuEi7DkNGZRel","dDv$g0rmV9S","$Xj0r5UVy%S","dDv$rUVS","ddv$j0RuV%S",247,313,332,313,272
"[][9w1h|a;","3fRcNl]zuF","G1kiSFBNPx5GLJv4a0KWY4JKq","9uU9mQRet8Dj5st8X55EYmOKL","[][/w!hda;","9WTw1h>|a;","]9wh|a;","[][9W1h|AW1h|a;",93,194,195,162,412
"a(@0g\CtOt","l7@vac\}*y;","tbxvX1EgwJYoqJrXoS54O/fyx","BDrldGd4Im/ewt2ZERhZJiTXd","l(@0:eCtOt","0$]g-\CtOt","(@0gCtO","a(@0g\ccTOt",198,149,178,157,188
"x&9^CtcwjOe","TglkVa.)3nJ","mVve47X6yOwJQ/jYNb/TZq9wW","9zBp4sJK7S06DYdgrrWzICDgb","x^9[Ctcwj)e","9c^hCtcwjOEe","x&9CtwjO","x&9^CtcwJTcwJOe",234,255,204,186,195
"Hubr>o4xgfm","uVV5+F(%gbV","kSFlsVpuYSNVy23JdzHOq/kRu","tygso0/j8CsdKFy4kfZ5T0o3K","aubr>o3xgBm","H>ub-r>qo4xgfm","Hur>4xgm","Hubr>O4xGFm",249,126,250,237,308
"4<7!BnIP\3","1qh*kAhtv5","PQIDqqELVllssMN0QufPuNF2E","g41oasGoLuLKq1iK4Ye6ZErUH","M<7!`n}P\3","<y7!&BVnIP\3","<7!nIP\","4<7!BNbnIp\3",88,116,189,102,118
"]Tbk5zXoU>p","aIupw(4+oz<","7tnn6XlCP/BXQRomI5mUE2/dN","nNGIrpZQeOISjAHczLPw7U5dv","]|bk5zXmU>w","kr<5zXoU_>p","T5zXoU>p","]Tbk5zXOZXoU>P",110,161,82,258,176
"eS>ggf-n9c?","jdaq[~27*B","EMjeouJSQvUHm+n6OAdKUF6Fo","8UmiTL7gJ6qlbParM9HUG/xnT","AS>gg{en9c?","g$f-ng9oc?","Sgf-n9c?","es>ggf-Ns>ggf-n9c?",178,355,106,161,224
"A^4y=haQw~v","chhp4k:Jibd","9iGf7jbQSc5hj2qtRvikjIRno","7NMEnR8NuVpVbeNPTE3CFSvXw","A^d`=haQ{~v","As^4yx=hadQw~v","A^y=hQwv","A^4y=hAHaQW~v",93,283,122,139,236
"d.?(3p+4Q+",">uk(f2xd]t","A1ABODPxbf5JCsimMH3ztQElb","5+TufakovXWdNgFXRKAii6iz+","d{0(3=+4Q+","+M_4QV+","d?(3p+4","D.?(3p+4qP+4Q+",184,218,150,110,158
"Ihe^3LsJzGgd","VM!4eJ:Py$]","ZNB2euFyStCDlC6cV6XRv6CZf","pk3zX71iiBZVNrV5SXDXjg6Qv","Ihe^3]sfzGgA","eE^33Ls]JzGgd","Ihe^LsJzg","iihe^3LSJzGgd",216,229,316,139,361
"6}cbxdkdWzTk","MT`+f6qelrq","A5dZ39Abz+iXS2wLyM5dJowrO","aS0dKyow9UbFgJrioH/1tr6EB","6}OHxdk?WzTk","bgxOdkdGWzTk","6cxdkWzTk","6}cbxdkDCbxdkdwzTk",223,219,189,201,279
"dcB5poary|","=c1#a)e$z}","T89pOkCF5ebHmKjw7EgdQ8ikK","58ilq4I620FWJwtU/NQZ+R7rs","dSRxpoary|","5<poXary-|","dcB5ory","dCB5pOaRy|",144,179,194,118,202
":`us!l9gyZ","`8*`DvBatZ","+M1F5bK6dYTb/uiO6OGJGz/Nd","a7crhaPnVOZ73cvWGyHFghUTd",":}!sxl9gyZ","`DusG!l9g_yZ","`us!gyZ",":`uS!l9gyzL9gyZ",234,259,273,199,365
"Ed7BTpzx?pe","AidEmGxs\a2r","fUz4oqiknUftDeebY0hs9IsQh","9GQJIqaynfUSRWxPzsO1DmmXB","Ed77TpUx&pe","7QBTSp0zx?pe","Ed7BTp?e","ED7BTpzx?pEPe",212,194,180,120,217
"n&3YaT{;vuw","ImtOckT]1e","Q9orQMZ4qbIIzsPN6cUJtUmjg","7RUZ/rVQNYuLTSNrJqvxdzMcv","6&3YaTa;vuy","&v.3YaT{;)vuw","n&3Ya{;w","N&3Yat{;Vuw",88,264,100,97,144
"f*Wj}9YT%mj","oO$knosb0au","4J6VNc24c4l2mmP9qRhTFLq9s","MXlpQI0iS5zDROzvBrAARFy07","fIWj}\YT%m3","fS*Wj}9YvT%m(j","f*j}9Y%j","F*Wj}9YT%Mt%mj",199,271,155,183,137
"qB-ck:7knYn","yTaqhw1|bZ","i+kjmPip7MvtDbIx8xKUAC07Y","7ga1tgFRwrMPqKF1I0l/j8fNF","qB.ze:7knYn","Bb-ck:*7knKYn","qB-ck:7n","qB-Ck:7KnYN",206,253,222,248,276
"5[cgCbWe2p",";pD2zkxwtiwS","74M9TvfWQNOtKEyhLoGSuGrSy","QGUC/qoAXV/Fvk2KO12fgB+2P","5[cTCAWe2o","[-cSgC`bWe2p","5[gCb2p","5[cgCbWEcCgCbWe2p",144,126,158,173,228
"~lGF`*u3fb","sta)eid8$/","214cSHPJLgsujCmjGv6LT4IfW","PCVrYfRJW4qM3hT6wUN2CO5c5","~lGV6qu3fb","G6F`^*u3f<b","~GF`u3b","~lgF`*U3fB",103,226,149,102,261
")=)?|l;kx1","bi3xxrrP_v_","yYpT+zoyPvvu5A6HaFrjBYfkn","PgLeXH+YS32xtsxYBItHzr0Qi",")=)?|];kDT","?n|l~;kx!1","=)?|lx1",")=)?|L;kXKx1",299,344,294,282,214
"Akt~Gg4?ST","bk@@Mj`ti9<","5AWK2VBQfj6N7FJdRv7lopjto","6hszc2TAJsYVV5JcvYM7XLC7E","|kt~Gm4?GT","ARk1t~Gg4?VST","AktGg4S","Akt~GGgg4?sT",126,136,118,125,165
"uxt:nv@4rkJ","]7C2xyef/v","ZUdqzyCCcawQ5UR9BsmD4H7c4","WQ2EzDaXUzBZrvGLsOMawUTxu","EHt:n6@4rkJ","xNGt:nv@4r1kJ","uxtn@4kJ","Uxt:nV@4rKJ",221,215,355,268,262
"?=2gyZV*VPe",">0Kpl;t.rD.","+q83g2OB/MZQki7CGW2HEQGxA","/QGN2jeXLl0j2Em4HGe8ZhorR","`=2gy<H*VPe","?A=2gy;ZVn*VPe","?=gyZV*V","?=2gyZV*VpYZV*VPE",141,233,127,197,209
";ynyfs--2uS","fTroj0k`y^","oVevdQlOrofl/jZvJjM6MkbWE","yo2mEKc9Aim/MRAAkL14mq5dk",";ynyfs-U2*>","fCVs*--2uS","ynys--2u",";ynYfS--2us",89,142,170,277,321
"rV5@m]Augu","9*Py~\ef:]","8aducJydE78NUms8y9P3iwC8C","qCAPRP4ozY3C9zmLGNaIjo6UK","rV5@x]A.gu","m;]]tAugu","rV5@m]A","RV5@m]AUM]Augu",69,108,140,150,136
"Jp}c*/^[(1%","Hcx0;wb)(La","4Q5qnuKKQuo8UVN33qI9I4wkR","TkMVn5Ti722jdG+KExNJlS3Xe","Jp}c*/Z['1s","pX}+c*/^[c(1%","pc/^[(1%","Jp}CCC*/^[(1%",277,198,156,250,113
